id,supplier_name,invoice_number,total_cop,iva_cop,due_date,payment_status,data_quality_status,data_quality_flags,vat_status,vat_reason,receipts_count,created_at
3c998a77-4338-4b4f-8fb5-de745d87a84f,DataSync Tools Inc,DST-202603-0022,0,0,2026-04-22,unpaid,incomplete,"{""low_confidence"":false,""suspect_amount"":true,""missing_due_date"":false,""missing_supplier"":false}",sin_iva,Factura sin IVA,0,2026-04-10T22:19:35.412423+00:00
b38ce952-2c71-430d-ba09-9be5956c2ba6,DataSync Tools Inc,DST-202603-0019,461154,0,2026-04-06,unpaid,suspect,"{""low_confidence"":false,""suspect_amount"":true,""missing_due_date"":false,""missing_supplier"":false}",sin_iva,Factura sin IVA,0,2026-04-10T22:19:35.412423+00:00
ad418070-5916-43d0-81dc-5c9210261c9a,DataSync Tools Inc,DST-202602-0015,266799,0,2026-03-19,unpaid,suspect,"{""low_confidence"":false,""suspect_amount"":true,""missing_due_date"":false,""missing_supplier"":false}",sin_iva,Factura sin IVA,0,2026-04-10T22:19:35.412423+00:00
6acee116-d844-46b0-9b55-611077dcfbcb,DataSync Tools Inc,DST-202603-0017,510195,0,2026-03-20,unpaid,suspect,"{""low_confidence"":false,""suspect_amount"":true,""missing_due_date"":false,""missing_supplier"":false}",sin_iva,Factura sin IVA,0,2026-04-10T22:19:35.412423+00:00
e11c3b5b-3d67-49e2-9cb6-371cfc206b34,DataSync Tools Inc,DST-202602-0014,0,0,2026-03-21,unpaid,incomplete,"{""low_confidence"":false,""suspect_amount"":true,""missing_due_date"":false,""missing_supplier"":false}",sin_iva,Factura sin IVA,0,2026-04-10T22:19:35.412423+00:00
dd9cd0b7-4261-4751-9b6e-0c6b8955a2dc,DataSync Tools Inc,DST-202602-0013,,0,2026-02-27,unpaid,incomplete,"{""low_confidence"":false,""suspect_amount"":true,""missing_due_date"":false,""missing_supplier"":false}",sin_iva,Factura sin IVA,0,2026-04-10T22:19:35.412423+00:00
d6b46cce-4be2-49d3-9cd5-6edbb7bf3752,DataSync Tools Inc,DST-202602-0012,0,0,2026-03-01,unpaid,incomplete,"{""low_confidence"":false,""suspect_amount"":true,""missing_due_date"":false,""missing_supplier"":false}",sin_iva,Factura sin IVA,0,2026-04-10T22:19:35.412423+00:00
dcf6aebf-c5f1-440c-af91-0aa6090a3788,DataSync Tools Inc,DST-202601-0011,702000,0,,unpaid,incomplete,"{""low_confidence"":false,""suspect_amount"":false,""missing_due_date"":true,""missing_supplier"":false}",sin_iva,Factura sin IVA,0,2026-04-10T22:19:35.412423+00:00
5a228fa2-93b7-4500-b05c-73993d2bd2b0,,DST-202601-0010,205000,0,2026-03-10,unpaid,incomplete,"{""low_confidence"":false,""suspect_amount"":false,""missing_due_date"":false,""missing_supplier"":true}",sin_iva,Factura sin IVA,0,2026-04-10T22:19:35.412423+00:00
6ffe9ba1-cf9d-459b-b1cf-cdc11048eda4,DataSync Tools Inc,DST-202604-0025,352000,0,,unpaid,incomplete,"{""low_confidence"":false,""suspect_amount"":false,""missing_due_date"":true,""missing_supplier"":false}",sin_iva,Factura sin IVA,0,2026-04-10T22:19:35.412423+00:00
8c518e53-7378-4866-b57d-14b1ab414407,DataSync Tools Inc,DST-202603-0023,305000,0,2026-05-08,unpaid,suspect,"{""low_confidence"":true,""suspect_amount"":false,""missing_due_date"":false,""missing_supplier"":false}",sin_iva,Factura sin IVA,0,2026-04-10T22:19:35.412423+00:00
21a10f75-0da1-4c4a-8064-b747f3178e74,DataSync Tools Inc,DST-202601-0007,618378,0,2026-02-07,unpaid,suspect,"{""low_confidence"":false,""suspect_amount"":true,""missing_due_date"":false,""missing_supplier"":false}",sin_iva,Factura sin IVA,0,2026-04-10T22:19:35.412423+00:00
80498151-9200-4f06-86b7-05f591fc5a0d,DataSync Tools Inc,DST-202601-0008,339548,0,2026-02-10,unpaid,suspect,"{""low_confidence"":false,""suspect_amount"":true,""missing_due_date"":false,""missing_supplier"":false}",sin_iva,Factura sin IVA,0,2026-04-10T22:19:35.412423+00:00
28963696-12b9-4d4f-b5cf-3661149721df,DataSync Tools Inc,DST-202601-0009,168000,0,2026-02-14,unpaid,suspect,"{""low_confidence"":true,""suspect_amount"":false,""missing_due_date"":false,""missing_supplier"":false}",sin_iva,Factura sin IVA,0,2026-04-10T22:19:35.412423+00:00
55ff41ae-2ae5-4e26-bbe9-a1ec9f70680b,MensaExpress Ltda,MEX-202603-0030,102340,16340,2026-05-13,scheduled,ok,"{""low_confidence"":false,""suspect_amount"":false,""missing_due_date"":false,""missing_supplier"":false}",iva_en_revision,Factura con IVA pero sin comprobante,0,2026-04-10T22:19:35.193074+00:00
14a82aa6-a424-46d2-bf4b-afb846e97754,MensaExpress Ltda,MEX-202604-0031,83300,13300,2026-05-13,paid,ok,"{""low_confidence"":false,""suspect_amount"":false,""missing_due_date"":false,""missing_supplier"":false}",iva_en_revision,Factura con IVA pero sin comprobante,0,2026-04-10T22:19:35.193074+00:00
9908c1c1-60e4-4150-b089-fb8b3938440c,,MEX-202604-0032,89250,14250,2026-04-29,unpaid,incomplete,"{""low_confidence"":false,""suspect_amount"":false,""missing_due_date"":false,""missing_supplier"":true}",iva_no_usable,Factura incompleta,0,2026-04-10T22:19:35.193074+00:00
c6beb0c6-08fb-4d1a-88c6-da55a8921e19,MensaExpress Ltda,MEX-202604-0033,141610,22610,,unpaid,incomplete,"{""low_confidence"":false,""suspect_amount"":false,""missing_due_date"":true,""missing_supplier"":false}",iva_no_usable,Factura incompleta,0,2026-04-10T22:19:35.193074+00:00
4c5fa5f3-397b-4063-bb45-88b5e9b72be2,,SLV-202512-0001,253470,40470,2025-12-28,unpaid,incomplete,"{""low_confidence"":false,""suspect_amount"":false,""missing_due_date"":false,""missing_supplier"":true}",iva_no_usable,Factura incompleta,0,2026-04-10T22:19:35.193074+00:00
5526d618-c56a-4e8c-96e5-9f1ec5bfa613,Suministros y Logística del Valle,SLV-202512-0002,788970,125970,2026-01-13,unpaid,suspect,"{""low_confidence"":true,""suspect_amount"":false,""missing_due_date"":false,""missing_supplier"":false}",iva_en_revision,Factura con datos dudosos,0,2026-04-10T22:19:35.193074+00:00
593b92c3-e22c-4d79-aca4-c441521d4879,Suministros y Logística del Valle,SLV-202512-0003,943670,150670,2026-01-26,paid,ok,"{""low_confidence"":false,""suspect_amount"":false,""missing_due_date"":false,""missing_supplier"":false}",iva_en_revision,Factura con IVA pero sin comprobante,0,2026-04-10T22:19:35.193074+00:00
97a51dff-b902-466b-b3ca-6323c0bba6b2,Suministros y Logística del Valle,SLV-202512-0004,,82650,2026-01-18,unpaid,incomplete,"{""low_confidence"":false,""suspect_amount"":true,""missing_due_date"":false,""missing_supplier"":false}",iva_no_usable,Factura incompleta,0,2026-04-10T22:19:35.193074+00:00
28d1a2ed-1c78-4126-a8f2-81065499c48b,Suministros y Logística del Valle,SLV-202601-0006,0,95570,2026-02-04,unpaid,incomplete,"{""low_confidence"":false,""suspect_amount"":true,""missing_due_date"":false,""missing_supplier"":false}",iva_no_usable,Factura incompleta,0,2026-04-10T22:19:35.193074+00:00
6b0ea242-d95b-4668-aff1-a3f12124ecb5,Suministros y Logística del Valle,SLV-202601-0007,677110,108110,2026-02-12,paid,ok,"{""low_confidence"":false,""suspect_amount"":false,""missing_due_date"":false,""missing_supplier"":false}",iva_en_revision,Factura con IVA pero sin comprobante,0,2026-04-10T22:19:35.193074+00:00
44f29305-a698-45bd-912f-74425568e7ba,,SLV-202601-0008,816340,130340,2026-02-02,unpaid,incomplete,"{""low_confidence"":false,""suspect_amount"":false,""missing_due_date"":false,""missing_supplier"":true}",iva_no_usable,Factura incompleta,0,2026-04-10T22:19:35.193074+00:00
ed55cc9e-603d-4ca5-a797-0c76a1e0a9e5,Suministros y Logística del Valle,SLV-202601-0009,798490,127490,2026-02-13,scheduled,ok,"{""low_confidence"":false,""suspect_amount"":false,""missing_due_date"":false,""missing_supplier"":false}",iva_en_revision,Factura con IVA pero sin comprobante,0,2026-04-10T22:19:35.193074+00:00
ecf66579-36a7-46f1-9687-e3a9a56d57fc,Suministros y Logística del Valle,SLV-202601-0010,511700,81700,2026-03-04,unpaid,ok,"{""low_confidence"":false,""suspect_amount"":false,""missing_due_date"":false,""missing_supplier"":false}",iva_en_revision,Factura con IVA pero sin comprobante,0,2026-04-10T22:19:35.193074+00:00
108b983b-1917-4b74-b282-32e398b389bb,Suministros y Logística del Valle,SLV-202602-0011,360570,57570,2026-02-19,unpaid,suspect,"{""low_confidence"":true,""suspect_amount"":false,""missing_due_date"":false,""missing_supplier"":false}",iva_en_revision,Factura con datos dudosos,0,2026-04-10T22:19:35.193074+00:00
ead31b34-7535-4502-a91d-bef6921a3ea2,Suministros y Logística del Valle,SLV-202602-0012,585480,93480,2026-03-21,unpaid,suspect,"{""low_confidence"":true,""suspect_amount"":false,""missing_due_date"":false,""missing_supplier"":false}",iva_en_revision,Factura con datos dudosos,0,2026-04-10T22:19:35.193074+00:00
b21987bb-58fd-4a50-a962-f0c1e4b0c80c,Suministros y Logística del Valle,SLV-202602-0013,724710,115710,2026-03-22,unpaid,suspect,"{""low_confidence"":true,""suspect_amount"":false,""missing_due_date"":false,""missing_supplier"":false}",iva_en_revision,Factura con datos dudosos,0,2026-04-10T22:19:35.193074+00:00
c09bb5ad-272e-489c-84ea-3b5e7adf613e,Suministros y Logística del Valle,SLV-202602-0014,0,115520,2026-03-29,unpaid,incomplete,"{""low_confidence"":false,""suspect_amount"":true,""missing_due_date"":false,""missing_supplier"":false}",iva_no_usable,Factura incompleta,0,2026-04-10T22:19:35.193074+00:00
f1694ac3-a932-440d-ad0f-368329f4c44c,Suministros y Logística del Valle,SLV-202602-0015,411740,65740,2026-04-09,scheduled,ok,"{""low_confidence"":false,""suspect_amount"":false,""missing_due_date"":false,""missing_supplier"":false}",iva_en_revision,Factura con IVA pero sin comprobante,0,2026-04-10T22:19:35.193074+00:00
fe51cfa1-7784-429e-96b2-ef4b9de5eca0,Suministros y Logística del Valle,SLV-202603-0016,466480,74480,,unpaid,incomplete,"{""low_confidence"":false,""suspect_amount"":false,""missing_due_date"":true,""missing_supplier"":false}",iva_no_usable,Factura incompleta,0,2026-04-10T22:19:35.193074+00:00
2215e556-607e-4ede-8abc-5af302151bab,Suministros y Logística del Valle,SLV-202603-0017,,59660,2026-04-21,unpaid,incomplete,"{""low_confidence"":false,""suspect_amount"":true,""missing_due_date"":false,""missing_supplier"":false}",iva_no_usable,Factura incompleta,0,2026-04-10T22:19:35.193074+00:00
26b320ef-296c-4722-8bf3-722f0e790685,Suministros y Logística del Valle,SLV-202603-0018,667590,106590,,unpaid,incomplete,"{""low_confidence"":false,""suspect_amount"":false,""missing_due_date"":true,""missing_supplier"":false}",iva_no_usable,Factura incompleta,0,2026-04-10T22:19:35.193074+00:00
49a98861-9316-4df9-a9c7-97ffb230d3c3,Suministros y Logística del Valle,SLV-202603-0019,803250,128250,,unpaid,incomplete,"{""low_confidence"":false,""suspect_amount"":false,""missing_due_date"":true,""missing_supplier"":false}",iva_no_usable,Factura incompleta,0,2026-04-10T22:19:35.193074+00:00
d8d3571b-1257-4a4a-8a34-49afc051e7d8,Suministros y Logística del Valle,SLV-202603-0020,583100,93100,2026-04-26,paid,ok,"{""low_confidence"":false,""suspect_amount"":false,""missing_due_date"":false,""missing_supplier"":false}",iva_en_revision,Factura con IVA pero sin comprobante,0,2026-04-10T22:19:35.193074+00:00
b228b645-f5aa-4e64-a11c-7c039a5b1176,Suministros y Logística del Valle,SLV-202604-0021,882980,140980,,unpaid,incomplete,"{""low_confidence"":false,""suspect_amount"":false,""missing_due_date"":true,""missing_supplier"":false}",iva_no_usable,Factura incompleta,0,2026-04-10T22:19:35.193074+00:00
9c34bc43-54d6-4717-8581-35e220853997,,SLV-202604-0022,435540,69540,2026-05-07,unpaid,incomplete,"{""low_confidence"":false,""suspect_amount"":false,""missing_due_date"":false,""missing_supplier"":true}",iva_no_usable,Factura incompleta,0,2026-04-10T22:19:35.193074+00:00
6b05c63d-6f04-4a7b-96bb-aac970479b67,Suministros y Logística del Valle,SLV-202604-0023,0,99370,2026-05-05,unpaid,incomplete,"{""low_confidence"":false,""suspect_amount"":true,""missing_due_date"":false,""missing_supplier"":false}",iva_no_usable,Factura incompleta,0,2026-04-10T22:19:35.193074+00:00
543e3786-3702-4463-b990-14a38cd23fc8,Papelería y Miscelánea El Punto,PEP-202512-0001,53056,0,2025-12-30,unpaid,suspect,"{""low_confidence"":false,""suspect_amount"":true,""missing_due_date"":false,""missing_supplier"":false}",sin_iva,Factura sin IVA,0,2026-04-10T22:19:35.193074+00:00
51fd79ea-3730-491e-9027-b8b349cdb158,Papelería y Miscelánea El Punto,PEP-202512-0002,30548,0,2026-01-07,unpaid,suspect,"{""low_confidence"":false,""suspect_amount"":true,""missing_due_date"":false,""missing_supplier"":false}",sin_iva,Factura sin IVA,0,2026-04-10T22:19:35.193074+00:00
cf3ab0b3-323a-479d-9aae-dd607a628a95,,PEP-202512-0003,80000,0,2026-01-07,unpaid,incomplete,"{""low_confidence"":false,""suspect_amount"":false,""missing_due_date"":false,""missing_supplier"":true}",sin_iva,Factura sin IVA,0,2026-04-10T22:19:35.193074+00:00
9bb15112-e890-4e80-a3b0-7bfac406b9df,Papelería y Miscelánea El Punto,PEP-202512-0004,26000,0,,unpaid,incomplete,"{""low_confidence"":false,""suspect_amount"":false,""missing_due_date"":true,""missing_supplier"":false}",sin_iva,Factura sin IVA,0,2026-04-10T22:19:35.193074+00:00
a644c714-3ec4-4160-9c84-01952472441e,Papelería y Miscelánea El Punto,PEP-202512-0006,,0,2026-01-25,unpaid,incomplete,"{""low_confidence"":false,""suspect_amount"":true,""missing_due_date"":false,""missing_supplier"":false}",sin_iva,Factura sin IVA,0,2026-04-10T22:19:35.193074+00:00
0b888f85-e5d0-43c2-ade1-a18ce92bc39e,Papelería y Miscelánea El Punto,PEP-202512-0007,46000,0,2026-02-02,unpaid,suspect,"{""low_confidence"":true,""suspect_amount"":false,""missing_due_date"":false,""missing_supplier"":false}",sin_iva,Factura sin IVA,0,2026-04-10T22:19:35.193074+00:00
d4d6125f-75f0-4bfe-8ff5-692781d2fef5,Papelería y Miscelánea El Punto,PEP-202512-0008,154625,0,2026-02-10,unpaid,suspect,"{""low_confidence"":false,""suspect_amount"":true,""missing_due_date"":false,""missing_supplier"":false}",sin_iva,Factura sin IVA,0,2026-04-10T22:19:35.193074+00:00
0c16dc31-1fa9-4caf-8fb9-0a6193a16ef0,Papelería y Miscelánea El Punto,PEP-202512-0009,29000,0,,unpaid,incomplete,"{""low_confidence"":false,""suspect_amount"":false,""missing_due_date"":true,""missing_supplier"":false}",sin_iva,Factura sin IVA,0,2026-04-10T22:19:35.193074+00:00
33fdd317-4f63-4432-82ad-df447503f783,Papelería y Miscelánea El Punto,PEP-202601-0010,47611,0,2026-02-08,unpaid,suspect,"{""low_confidence"":false,""suspect_amount"":true,""missing_due_date"":false,""missing_supplier"":false}",sin_iva,Factura sin IVA,0,2026-04-10T22:19:35.193074+00:00
4ddabd78-08e0-405a-9602-2be05d9f51b8,Papelería y Miscelánea El Punto,PEP-202601-0011,92000,0,2026-01-23,unpaid,suspect,"{""low_confidence"":true,""suspect_amount"":false,""missing_due_date"":false,""missing_supplier"":false}",sin_iva,Factura sin IVA,0,2026-04-10T22:19:35.193074+00:00
2c930337-531e-4b06-bac6-a477b485eceb,Papelería y Miscelánea El Punto,PEP-202601-0012,137000,0,2026-02-02,unpaid,suspect,"{""low_confidence"":true,""suspect_amount"":false,""missing_due_date"":false,""missing_supplier"":false}",sin_iva,Factura sin IVA,0,2026-04-10T22:19:35.193074+00:00
5f1a8dba-4452-4b7c-b044-b34973dc38e5,Papelería y Miscelánea El Punto,PEP-202601-0014,78000,0,,unpaid,incomplete,"{""low_confidence"":false,""suspect_amount"":false,""missing_due_date"":true,""missing_supplier"":false}",sin_iva,Factura sin IVA,0,2026-04-10T22:19:35.193074+00:00
53b3c3a1-037a-4e60-8d21-0d7805c6b120,Papelería y Miscelánea El Punto,PEP-202601-0015,,0,2026-02-08,unpaid,incomplete,"{""low_confidence"":false,""suspect_amount"":true,""missing_due_date"":false,""missing_supplier"":false}",sin_iva,Factura sin IVA,0,2026-04-10T22:19:35.193074+00:00
c0aeac64-609a-4fc1-a092-5062ae1c3b43,,PEP-202601-0017,38000,0,2026-03-01,unpaid,incomplete,"{""low_confidence"":false,""suspect_amount"":false,""missing_due_date"":false,""missing_supplier"":true}",sin_iva,Factura sin IVA,0,2026-04-10T22:19:35.193074+00:00
84f09d1f-8af7-4c87-be60-876a0bfc59a6,Papelería y Miscelánea El Punto,PEP-202601-0018,94000,0,,unpaid,incomplete,"{""low_confidence"":false,""suspect_amount"":false,""missing_due_date"":true,""missing_supplier"":false}",sin_iva,Factura sin IVA,0,2026-04-10T22:19:35.193074+00:00
f943c5dc-5b10-4520-a69f-fe38f747e292,Papelería y Miscelánea El Punto,PEP-202601-0020,136230,0,2026-03-07,unpaid,suspect,"{""low_confidence"":false,""suspect_amount"":true,""missing_due_date"":false,""missing_supplier"":false}",sin_iva,Factura sin IVA,0,2026-04-10T22:19:35.193074+00:00
eee88782-f89c-4c63-be0c-876abfa9ab37,Papelería y Miscelánea El Punto,PEP-202602-0021,110000,0,2026-03-22,unpaid,suspect,"{""low_confidence"":true,""suspect_amount"":false,""missing_due_date"":false,""missing_supplier"":false}",sin_iva,Factura sin IVA,0,2026-04-10T22:19:35.193074+00:00
e266e989-3063-41ee-a708-a4651478dc58,,PEP-202602-0023,134000,0,2026-03-11,unpaid,incomplete,"{""low_confidence"":false,""suspect_amount"":false,""missing_due_date"":false,""missing_supplier"":true}",sin_iva,Factura sin IVA,0,2026-04-10T22:19:35.193074+00:00
7e5b07e8-bf68-46bc-9775-755d0720ca33,Papelería y Miscelánea El Punto,PEP-202602-0024,,0,2026-03-13,unpaid,incomplete,"{""low_confidence"":false,""suspect_amount"":true,""missing_due_date"":false,""missing_supplier"":false}",sin_iva,Factura sin IVA,0,2026-04-10T22:19:35.193074+00:00
cae52df9-660c-4697-9134-2bf9edf38292,Papelería y Miscelánea El Punto,PEP-202602-0025,,0,2026-03-05,unpaid,incomplete,"{""low_confidence"":false,""suspect_amount"":true,""missing_due_date"":false,""missing_supplier"":false}",sin_iva,Factura sin IVA,0,2026-04-10T22:19:35.193074+00:00
9c495ca2-489b-4de1-a9b6-1be7bf6cb3f2,Papelería y Miscelánea El Punto,PEP-202602-0029,92000,0,,unpaid,incomplete,"{""low_confidence"":false,""suspect_amount"":false,""missing_due_date"":true,""missing_supplier"":false}",sin_iva,Factura sin IVA,0,2026-04-10T22:19:35.193074+00:00
5a7f1a59-57c7-43de-ab3a-86ffb78ac9b0,Papelería y Miscelánea El Punto,PEP-202603-0031,90000,0,2026-04-12,unpaid,suspect,"{""low_confidence"":true,""suspect_amount"":false,""missing_due_date"":false,""missing_supplier"":false}",sin_iva,Factura sin IVA,0,2026-04-10T22:19:35.193074+00:00
8eb806ee-5f71-41d4-9510-90462f2fbd7e,Papelería y Miscelánea El Punto,PEP-202603-0032,136000,0,2026-04-03,unpaid,suspect,"{""low_confidence"":true,""suspect_amount"":false,""missing_due_date"":false,""missing_supplier"":false}",sin_iva,Factura sin IVA,0,2026-04-10T22:19:35.193074+00:00
bece3d59-7625-4093-9576-9b92f3055f73,Papelería y Miscelánea El Punto,PEP-202603-0034,159309,0,2026-04-09,unpaid,suspect,"{""low_confidence"":false,""suspect_amount"":true,""missing_due_date"":false,""missing_supplier"":false}",sin_iva,Factura sin IVA,0,2026-04-10T22:19:35.193074+00:00
d9429598-e8fd-48ec-b4f8-76527645df54,Papelería y Miscelánea El Punto,PEP-202603-0037,148000,0,2026-04-17,unpaid,suspect,"{""low_confidence"":true,""suspect_amount"":false,""missing_due_date"":false,""missing_supplier"":false}",sin_iva,Factura sin IVA,0,2026-04-10T22:19:35.193074+00:00
f2350e54-dcc0-44b5-947b-9d038275a124,Papelería y Miscelánea El Punto,PEP-202603-0039,94347,0,2026-05-05,unpaid,suspect,"{""low_confidence"":false,""suspect_amount"":true,""missing_due_date"":false,""missing_supplier"":false}",sin_iva,Factura sin IVA,0,2026-04-10T22:19:35.193074+00:00
60e284b4-3b1d-4f92-9f73-4bad527649bf,Papelería y Miscelánea El Punto,PEP-202603-0040,150407,0,2026-04-16,unpaid,suspect,"{""low_confidence"":false,""suspect_amount"":true,""missing_due_date"":false,""missing_supplier"":false}",sin_iva,Factura sin IVA,0,2026-04-10T22:19:35.193074+00:00
82cf3502-f5e5-44cc-b5dd-7a73243e6d7b,Papelería y Miscelánea El Punto,PEP-202604-0041,84224,0,2026-04-26,unpaid,suspect,"{""low_confidence"":false,""suspect_amount"":true,""missing_due_date"":false,""missing_supplier"":false}",sin_iva,Factura sin IVA,0,2026-04-10T22:19:35.193074+00:00
4f86622f-4718-42f1-87ef-5d865a2b1f47,Papelería y Miscelánea El Punto,PEP-202604-0042,109000,0,2026-05-20,unpaid,suspect,"{""low_confidence"":true,""suspect_amount"":false,""missing_due_date"":false,""missing_supplier"":false}",sin_iva,Factura sin IVA,0,2026-04-10T22:19:35.193074+00:00
8ff57b5d-b60c-4508-9246-de817253514d,Papelería y Miscelánea El Punto,PEP-202604-0043,25000,0,,unpaid,incomplete,"{""low_confidence"":false,""suspect_amount"":false,""missing_due_date"":true,""missing_supplier"":false}",sin_iva,Factura sin IVA,0,2026-04-10T22:19:35.193074+00:00
adb5e0ba-360b-47d2-a227-a5a426554c58,Carlos Vargas Consultoría,CVC-202512-0001,2251902,0,2026-01-16,unpaid,suspect,"{""low_confidence"":false,""suspect_amount"":true,""missing_due_date"":false,""missing_supplier"":false}",sin_iva,Factura sin IVA,0,2026-04-10T22:19:35.193074+00:00
f85932bd-6058-4c06-9ff5-bb0fbbf9a23c,Carlos Vargas Consultoría,CVC-202601-0004,1903000,0,2026-02-17,unpaid,suspect,"{""low_confidence"":true,""suspect_amount"":false,""missing_due_date"":false,""missing_supplier"":false}",sin_iva,Factura sin IVA,0,2026-04-10T22:19:35.193074+00:00
880d13a0-5fbd-497d-80c9-eb35fa5648c3,Carlos Vargas Consultoría,CVC-202603-0008,,0,2026-05-13,unpaid,incomplete,"{""low_confidence"":false,""suspect_amount"":true,""missing_due_date"":false,""missing_supplier"":false}",sin_iva,Factura sin IVA,0,2026-04-10T22:19:35.193074+00:00
97a4ed55-1c61-432c-9ead-f3332b1b568d,Carlos Vargas Consultoría,CVC-202604-0009,2507000,0,2026-05-24,unpaid,suspect,"{""low_confidence"":true,""suspect_amount"":false,""missing_due_date"":false,""missing_supplier"":false}",sin_iva,Factura sin IVA,0,2026-04-10T22:19:35.193074+00:00
a461c4ef-14fb-46d1-828a-f81578fe2571,,DST-202512-0002,572000,0,2026-01-24,unpaid,incomplete,"{""low_confidence"":false,""suspect_amount"":false,""missing_due_date"":false,""missing_supplier"":true}",sin_iva,Factura sin IVA,0,2026-04-10T22:19:35.193074+00:00
58060762-3e5b-401a-b921-80b98b6afa52,DataSync Tools Inc,DST-202512-0003,403000,0,,unpaid,incomplete,"{""low_confidence"":false,""suspect_amount"":false,""missing_due_date"":true,""missing_supplier"":false}",sin_iva,Factura sin IVA,0,2026-04-10T22:19:35.193074+00:00
c7472d7a-0231-4376-9fe6-3e7b714d2e64,DataSync Tools Inc,DST-202512-0004,223000,0,,unpaid,incomplete,"{""low_confidence"":false,""suspect_amount"":false,""missing_due_date"":true,""missing_supplier"":false}",sin_iva,Factura sin IVA,0,2026-04-10T22:19:35.193074+00:00
6deb5eca-9cd5-4641-ad7b-fc008bebb983,DataSync Tools Inc,DST-202601-0005,0,0,2026-02-05,unpaid,incomplete,"{""low_confidence"":false,""suspect_amount"":true,""missing_due_date"":false,""missing_supplier"":false}",sin_iva,Factura sin IVA,0,2026-04-10T22:19:35.193074+00:00
ea044fdb-f2a0-4f8b-87eb-c2d7146cc35f,Papelería y Miscelánea El Punto,PEP-202604-0045,40000,0,2026-05-20,unpaid,suspect,"{""low_confidence"":true,""suspect_amount"":false,""missing_due_date"":false,""missing_supplier"":false}",sin_iva,Factura sin IVA,0,2026-04-10T22:19:35.193074+00:00
be2aea3d-f85e-4ff7-a3d5-1dbe1d4937d0,MensaExpress Ltda,MEX-202602-0016,100706,14820,2026-03-15,unpaid,suspect,"{""low_confidence"":false,""suspect_amount"":true,""missing_due_date"":false,""missing_supplier"":false}",iva_en_revision,Factura con datos dudosos,0,2026-04-10T22:19:35.193074+00:00
9c8d0a83-a401-48ed-a840-717e20d4bc88,MensaExpress Ltda,MEX-202602-0017,0,20900,2026-03-12,unpaid,incomplete,"{""low_confidence"":false,""suspect_amount"":true,""missing_due_date"":false,""missing_supplier"":false}",iva_no_usable,Factura incompleta,0,2026-04-10T22:19:35.193074+00:00
24a80ba2-996b-481b-a327-ec580c48f63b,,MEX-202602-0018,86870,13870,2026-03-03,unpaid,incomplete,"{""low_confidence"":false,""suspect_amount"":false,""missing_due_date"":false,""missing_supplier"":true}",iva_no_usable,Factura incompleta,0,2026-04-10T22:19:35.193074+00:00
bb1b9e5b-47e2-4ba8-be01-0602fc53c505,MensaExpress Ltda,MEX-202602-0019,191590,30590,2026-03-23,scheduled,ok,"{""low_confidence"":false,""suspect_amount"":false,""missing_due_date"":false,""missing_supplier"":false}",iva_en_revision,Factura con IVA pero sin comprobante,0,2026-04-10T22:19:35.193074+00:00
d642444a-cdd1-4e28-b9d4-73b929bd248a,MensaExpress Ltda,MEX-202602-0020,232050,37050,2026-04-04,unpaid,suspect,"{""low_confidence"":true,""suspect_amount"":false,""missing_due_date"":false,""missing_supplier"":false}",iva_en_revision,Factura con datos dudosos,0,2026-04-10T22:19:35.193074+00:00
a296653a-2441-4fd9-bccb-2cadaedaa1b4,MensaExpress Ltda,MEX-202603-0021,160650,25650,2026-04-14,scheduled,ok,"{""low_confidence"":false,""suspect_amount"":false,""missing_due_date"":false,""missing_supplier"":false}",iva_en_revision,Factura con IVA pero sin comprobante,0,2026-04-10T22:19:35.193074+00:00
ff4212eb-809d-4138-8b51-2bffa8cf1012,MensaExpress Ltda,MEX-202603-0022,236810,37810,,unpaid,incomplete,"{""low_confidence"":false,""suspect_amount"":false,""missing_due_date"":true,""missing_supplier"":false}",iva_no_usable,Factura incompleta,0,2026-04-10T22:19:35.193074+00:00
5b73da45-eee8-4609-8a9a-77ea4b94fc95,MensaExpress Ltda,MEX-202603-0023,109480,17480,2026-03-26,unpaid,ok,"{""low_confidence"":false,""suspect_amount"":false,""missing_due_date"":false,""missing_supplier"":false}",iva_en_revision,Factura con IVA pero sin comprobante,0,2026-04-10T22:19:35.193074+00:00
ed913d7b-48b3-4618-b94c-1ddbe572ee57,MensaExpress Ltda,MEX-202603-0024,72590,11590,,unpaid,incomplete,"{""low_confidence"":false,""suspect_amount"":false,""missing_due_date"":true,""missing_supplier"":false}",iva_no_usable,Factura incompleta,0,2026-04-10T22:19:35.193074+00:00
c1c6d51b-7741-482c-b73f-87decb8c8cb0,MensaExpress Ltda,MEX-202603-0025,132090,21090,2026-04-23,unpaid,ok,"{""low_confidence"":false,""suspect_amount"":false,""missing_due_date"":false,""missing_supplier"":false}",iva_en_revision,Factura con IVA pero sin comprobante,0,2026-04-10T22:19:35.193074+00:00
ff00ca53-80bf-4574-8dc0-7012e4f0b105,MensaExpress Ltda,MEX-202603-0027,67830,10830,2026-04-13,unpaid,ok,"{""low_confidence"":false,""suspect_amount"":false,""missing_due_date"":false,""missing_supplier"":false}",iva_en_revision,Factura con IVA pero sin comprobante,0,2026-04-10T22:19:35.193074+00:00
625c35ff-56a8-4a02-98f3-29fa206e5ce9,,MEX-202603-0028,204680,32680,2026-05-09,unpaid,incomplete,"{""low_confidence"":false,""suspect_amount"":false,""missing_due_date"":false,""missing_supplier"":true}",iva_no_usable,Factura incompleta,0,2026-04-10T22:19:35.193074+00:00
f7662edb-0670-46cd-a02d-ffdb1b644bed,,MEX-202603-0029,107100,17100,2026-05-13,unpaid,incomplete,"{""low_confidence"":false,""suspect_amount"":false,""missing_due_date"":false,""missing_supplier"":true}",iva_no_usable,Factura incompleta,0,2026-04-10T22:19:35.193074+00:00
456a8961-c82e-45c4-a59b-760e6608c613,,MEX-202601-0010,197540,31540,2026-02-04,unpaid,incomplete,"{""low_confidence"":false,""suspect_amount"":false,""missing_due_date"":false,""missing_supplier"":true}",iva_no_usable,Factura incompleta,0,2026-04-10T22:19:34.916898+00:00
4c75575f-ffb8-4024-9e00-9e9f6e34630b,MensaExpress Ltda,MEX-202601-0011,77350,12350,2026-03-02,unpaid,suspect,"{""low_confidence"":true,""suspect_amount"":false,""missing_due_date"":false,""missing_supplier"":false}",iva_en_revision,Factura con datos dudosos,0,2026-04-10T22:19:34.916898+00:00
a81607dc-4844-4182-8067-c1910c32c08a,MensaExpress Ltda,MEX-202601-0012,161840,25840,2026-02-09,unpaid,ok,"{""low_confidence"":false,""suspect_amount"":false,""missing_due_date"":false,""missing_supplier"":false}",iva_en_revision,Factura con IVA pero sin comprobante,0,2026-04-10T22:19:34.916898+00:00
24382ff1-6825-4935-a10a-4eeb43294501,MensaExpress Ltda,MEX-202601-0013,189210,30210,2026-03-07,scheduled,ok,"{""low_confidence"":false,""suspect_amount"":false,""missing_due_date"":false,""missing_supplier"":false}",iva_en_revision,Factura con IVA pero sin comprobante,0,2026-04-10T22:19:34.916898+00:00
b2bf1d3c-6805-4075-b052-3db6996b0fcc,MensaExpress Ltda,MEX-202601-0014,132090,21090,2026-02-15,paid,ok,"{""low_confidence"":false,""suspect_amount"":false,""missing_due_date"":false,""missing_supplier"":false}",iva_en_revision,Factura con IVA pero sin comprobante,0,2026-04-10T22:19:34.916898+00:00
315d2141-e6e7-4fd5-981c-7a07afcb8c39,,MEX-202601-0015,222530,35530,2026-03-15,unpaid,incomplete,"{""low_confidence"":false,""suspect_amount"":false,""missing_due_date"":false,""missing_supplier"":true}",iva_no_usable,Factura incompleta,0,2026-04-10T22:19:34.916898+00:00
020b29ad-f2dd-463f-8ab1-712d0b0dcd57,MensaExpress Ltda,MEX-202601-0007,0,19190,2026-02-06,unpaid,incomplete,"{""low_confidence"":false,""suspect_amount"":true,""missing_due_date"":false,""missing_supplier"":false}",iva_no_usable,Factura incompleta,0,2026-04-10T22:19:34.916898+00:00
b597ea3a-434e-4958-b0fc-9911d0f221a9,CloudCol SAS,CC-202512-0002,1071000,171000,2026-01-23,unpaid,ok,"{""low_confidence"":false,""suspect_amount"":false,""missing_due_date"":false,""missing_supplier"":false}",iva_en_revision,Factura con IVA pero sin comprobante,0,2026-04-10T22:19:34.916898+00:00
f798941c-5461-4ff4-b037-d06cb9ce5d44,CloudCol SAS,CC-202512-0003,2823870,450870,,unpaid,incomplete,"{""low_confidence"":false,""suspect_amount"":false,""missing_due_date"":true,""missing_supplier"":false}",iva_no_usable,Factura incompleta,0,2026-04-10T22:19:34.916898+00:00
28a48649-cc52-4de9-b84e-23fc8bed4d74,CloudCol SAS,CC-202601-0004,2302650,367650,2026-02-06,scheduled,ok,"{""low_confidence"":false,""suspect_amount"":false,""missing_due_date"":false,""missing_supplier"":false}",iva_en_revision,Factura con IVA pero sin comprobante,0,2026-04-10T22:19:34.916898+00:00
3c757de4-c3d5-42b5-9990-a7d46a0b4abc,CloudCol SAS,CC-202601-0005,3077340,491340,2026-03-04,scheduled,ok,"{""low_confidence"":false,""suspect_amount"":false,""missing_due_date"":false,""missing_supplier"":false}",iva_en_revision,Factura con IVA pero sin comprobante,0,2026-04-10T22:19:34.916898+00:00
9e8ff7a7-6727-40ce-aa76-7c589fbc8cff,CloudCol SAS,CC-202601-0006,2729860,435860,,unpaid,incomplete,"{""low_confidence"":false,""suspect_amount"":false,""missing_due_date"":true,""missing_supplier"":false}",iva_no_usable,Factura incompleta,0,2026-04-10T22:19:34.916898+00:00
7b0d7ed6-195a-4e49-943f-f129d9569609,,CC-202602-0007,1361360,217360,2026-03-07,unpaid,incomplete,"{""low_confidence"":false,""suspect_amount"":false,""missing_due_date"":false,""missing_supplier"":true}",iva_no_usable,Factura incompleta,0,2026-04-10T22:19:34.916898+00:00
f77f3eaa-d7d5-488d-9191-493bd6a25a73,CloudCol SAS,CC-202602-0008,,417620,2026-04-07,unpaid,incomplete,"{""low_confidence"":false,""suspect_amount"":true,""missing_due_date"":false,""missing_supplier"":false}",iva_no_usable,Factura incompleta,0,2026-04-10T22:19:34.916898+00:00
42a4cd42-05e1-48b4-ae41-2f6bb62ce2e6,CloudCol SAS,CC-202602-0009,2873863,399570,2026-04-11,unpaid,suspect,"{""low_confidence"":false,""suspect_amount"":true,""missing_due_date"":false,""missing_supplier"":false}",iva_en_revision,Factura con datos dudosos,0,2026-04-10T22:19:34.916898+00:00
207a39c7-1a7e-404b-aba6-d04288174e16,CloudCol SAS,CC-202603-0010,3559290,568290,2026-03-28,scheduled,ok,"{""low_confidence"":false,""suspect_amount"":false,""missing_due_date"":false,""missing_supplier"":false}",iva_en_revision,Factura con IVA pero sin comprobante,0,2026-04-10T22:19:34.916898+00:00
f456c192-47f8-4f43-b37a-c6f787141804,CloudCol SAS,CC-202603-0011,0,398050,2026-04-12,unpaid,incomplete,"{""low_confidence"":false,""suspect_amount"":true,""missing_due_date"":false,""missing_supplier"":false}",iva_no_usable,Factura incompleta,0,2026-04-10T22:19:34.916898+00:00
e2623b70-7741-41fb-85a0-bb7d65f93160,CloudCol SAS,CC-202604-0012,3297490,526490,2026-05-09,scheduled,ok,"{""low_confidence"":false,""suspect_amount"":false,""missing_due_date"":false,""missing_supplier"":false}",iva_en_revision,Factura con IVA pero sin comprobante,0,2026-04-10T22:19:34.916898+00:00
8f5c83d7-2355-44e2-869d-86d4bf6d1b8f,CloudCol SAS,CC-202604-0013,1101940,175940,,unpaid,incomplete,"{""low_confidence"":false,""suspect_amount"":false,""missing_due_date"":true,""missing_supplier"":false}",iva_no_usable,Factura incompleta,0,2026-04-10T22:19:34.916898+00:00
08159ed7-11aa-4dcd-86ca-8e4e194a525c,Fibra Digital Colombia SAS,FDC-202512-0001,296310,47310,2026-01-16,paid,ok,"{""low_confidence"":false,""suspect_amount"":false,""missing_due_date"":false,""missing_supplier"":false}",iva_en_revision,Factura con IVA pero sin comprobante,0,2026-04-10T22:19:34.916898+00:00
166fc58a-0261-4ac3-bddb-db2b92922354,Fibra Digital Colombia SAS,FDC-202512-0002,0,24130,2026-01-19,unpaid,incomplete,"{""low_confidence"":false,""suspect_amount"":true,""missing_due_date"":false,""missing_supplier"":false}",iva_no_usable,Factura incompleta,0,2026-04-10T22:19:34.916898+00:00
9df693a8-1637-48ff-a052-0999da0c2e5d,,ECB-202601-0003,1080520,172520,2026-02-06,unpaid,incomplete,"{""low_confidence"":false,""suspect_amount"":false,""missing_due_date"":false,""missing_supplier"":true}",iva_no_usable,Factura incompleta,0,2026-04-10T22:19:34.916898+00:00
7a22364e-8d79-4d7b-ba36-882fcecdc231,Fibra Digital Colombia SAS,FDC-202512-0003,199920,31920,2026-01-27,unpaid,ok,"{""low_confidence"":false,""suspect_amount"":false,""missing_due_date"":false,""missing_supplier"":false}",iva_en_revision,Factura con IVA pero sin comprobante,0,2026-04-10T22:19:34.916898+00:00
ece2874d-44bb-47e5-bd81-7a8bf9e212d3,Fibra Digital Colombia SAS,FDC-202512-0004,335580,53580,2026-01-30,scheduled,ok,"{""low_confidence"":false,""suspect_amount"":false,""missing_due_date"":false,""missing_supplier"":false}",iva_en_revision,Factura con IVA pero sin comprobante,0,2026-04-10T22:19:34.916898+00:00
6d68fc26-b3e2-4f4e-8ac1-47298223cb76,Fibra Digital Colombia SAS,FDC-202601-0005,123760,19760,2026-02-05,unpaid,suspect,"{""low_confidence"":true,""suspect_amount"":false,""missing_due_date"":false,""missing_supplier"":false}",iva_en_revision,Factura con datos dudosos,0,2026-04-10T22:19:34.916898+00:00
c8073407-6d53-492a-8b63-97500c6bad0e,,FDC-202601-0006,191590,30590,2026-02-10,unpaid,incomplete,"{""low_confidence"":false,""suspect_amount"":false,""missing_due_date"":false,""missing_supplier"":true}",iva_no_usable,Factura incompleta,0,2026-04-10T22:19:34.916898+00:00
e215d47b-b074-4713-95c7-9a032f16377b,Fibra Digital Colombia SAS,FDC-202601-0007,193970,30970,2026-02-12,unpaid,suspect,"{""low_confidence"":true,""suspect_amount"":false,""missing_due_date"":false,""missing_supplier"":false}",iva_en_revision,Factura con datos dudosos,0,2026-04-10T22:19:34.916898+00:00
bb828844-239b-44f6-9499-9690e109cad9,Fibra Digital Colombia SAS,FDC-202601-0008,247520,39520,,unpaid,incomplete,"{""low_confidence"":false,""suspect_amount"":false,""missing_due_date"":true,""missing_supplier"":false}",iva_no_usable,Factura incompleta,0,2026-04-10T22:19:34.916898+00:00
c0ca1be9-dc3c-492b-8032-c33a91b53f0c,Fibra Digital Colombia SAS,FDC-202601-0009,259420,41420,2026-03-01,unpaid,suspect,"{""low_confidence"":true,""suspect_amount"":false,""missing_due_date"":false,""missing_supplier"":false}",iva_en_revision,Factura con datos dudosos,0,2026-04-10T22:19:34.916898+00:00
e495f2e9-f3e2-4c91-be3b-bd53e692863d,Fibra Digital Colombia SAS,FDC-202602-0010,196350,31350,2026-02-16,scheduled,ok,"{""low_confidence"":false,""suspect_amount"":false,""missing_due_date"":false,""missing_supplier"":false}",iva_en_revision,Factura con IVA pero sin comprobante,0,2026-04-10T22:19:34.916898+00:00
f18e732b-dec7-4e62-be59-cf22001e9ecb,Fibra Digital Colombia SAS,FDC-202602-0011,287980,45980,2026-03-04,unpaid,suspect,"{""low_confidence"":true,""suspect_amount"":false,""missing_due_date"":false,""missing_supplier"":false}",iva_en_revision,Factura con datos dudosos,0,2026-04-10T22:19:34.916898+00:00
e4004db5-6440-4606-9a9c-71274056b467,Fibra Digital Colombia SAS,FDC-202602-0012,0,49970,2026-03-04,unpaid,incomplete,"{""low_confidence"":false,""suspect_amount"":true,""missing_due_date"":false,""missing_supplier"":false}",iva_no_usable,Factura incompleta,0,2026-04-10T22:19:34.916898+00:00
3159be79-a8b0-4d9c-915e-e055672fcaed,Fibra Digital Colombia SAS,FDC-202602-0013,160650,25650,2026-03-25,scheduled,ok,"{""low_confidence"":false,""suspect_amount"":false,""missing_due_date"":false,""missing_supplier"":false}",iva_en_revision,Factura con IVA pero sin comprobante,0,2026-04-10T22:19:34.916898+00:00
3fb4bf82-e876-43f3-b993-aa08902779bb,,FDC-202602-0014,255850,40850,2026-03-17,unpaid,incomplete,"{""low_confidence"":false,""suspect_amount"":false,""missing_due_date"":false,""missing_supplier"":true}",iva_no_usable,Factura incompleta,0,2026-04-10T22:19:34.916898+00:00
3b8e8177-073a-4419-a3d5-ba7991269993,Fibra Digital Colombia SAS,FDC-202603-0015,261800,41800,,unpaid,incomplete,"{""low_confidence"":false,""suspect_amount"":false,""missing_due_date"":true,""missing_supplier"":false}",iva_no_usable,Factura incompleta,0,2026-04-10T22:19:34.916898+00:00
e46b78b1-b7f2-4327-9bee-a76daba9bb82,Fibra Digital Colombia SAS,FDC-202603-0016,0,22420,2026-04-01,unpaid,incomplete,"{""low_confidence"":false,""suspect_amount"":true,""missing_due_date"":false,""missing_supplier"":false}",iva_no_usable,Factura incompleta,0,2026-04-10T22:19:34.916898+00:00
29fa55cb-75c4-4764-b893-613def24e76f,Fibra Digital Colombia SAS,FDC-202603-0017,,33060,2026-04-13,unpaid,incomplete,"{""low_confidence"":false,""suspect_amount"":true,""missing_due_date"":false,""missing_supplier"":false}",iva_no_usable,Factura incompleta,0,2026-04-10T22:19:34.916898+00:00
c241272a-e114-4cfb-a739-7c14b0d09844,Fibra Digital Colombia SAS,FDC-202603-0018,,38570,2026-04-28,unpaid,incomplete,"{""low_confidence"":false,""suspect_amount"":true,""missing_due_date"":false,""missing_supplier"":false}",iva_no_usable,Factura incompleta,0,2026-04-10T22:19:34.916898+00:00
e2d5ad80-4260-475f-9680-55ef938311ed,Fibra Digital Colombia SAS,FDC-202603-0019,0,24890,2026-04-14,unpaid,incomplete,"{""low_confidence"":false,""suspect_amount"":true,""missing_due_date"":false,""missing_supplier"":false}",iva_no_usable,Factura incompleta,0,2026-04-10T22:19:34.916898+00:00
c35b5cc0-59df-4802-9811-c55a59bb9ccc,Fibra Digital Colombia SAS,FDC-202604-0020,391680,56810,2026-05-08,unpaid,suspect,"{""low_confidence"":false,""suspect_amount"":true,""missing_due_date"":false,""missing_supplier"":false}",iva_en_revision,Factura con datos dudosos,0,2026-04-10T22:19:34.916898+00:00
e60bed88-3653-47c9-8fcd-d80417839711,Fibra Digital Colombia SAS,FDC-202604-0021,156048,23370,2026-05-18,unpaid,suspect,"{""low_confidence"":false,""suspect_amount"":true,""missing_due_date"":false,""missing_supplier"":false}",iva_en_revision,Factura con datos dudosos,0,2026-04-10T22:19:34.916898+00:00
ecefefca-7293-4b5b-a840-9af8cddc0cb9,HerramientasDev SAS,HD-202512-0001,327090,47880,2026-01-06,unpaid,suspect,"{""low_confidence"":false,""suspect_amount"":true,""missing_due_date"":false,""missing_supplier"":false}",iva_en_revision,Factura con datos dudosos,0,2026-04-10T22:19:34.916898+00:00
f4c00578-99d6-4a60-a1bc-35742a2156e2,HerramientasDev SAS,HD-202512-0002,258230,41230,2026-01-09,unpaid,ok,"{""low_confidence"":false,""suspect_amount"":false,""missing_due_date"":false,""missing_supplier"":false}",iva_en_revision,Factura con IVA pero sin comprobante,0,2026-04-10T22:19:34.916898+00:00
67689888-a78d-428e-8eee-75d914e834d4,HerramientasDev SAS,HD-202512-0003,1154300,184300,2026-01-28,scheduled,ok,"{""low_confidence"":false,""suspect_amount"":false,""missing_due_date"":false,""missing_supplier"":false}",iva_en_revision,Factura con IVA pero sin comprobante,0,2026-04-10T22:19:34.916898+00:00
6c3e0008-94b6-4494-836e-dbc4160a6459,HerramientasDev SAS,HD-202512-0004,472430,75430,2026-01-30,unpaid,ok,"{""low_confidence"":false,""suspect_amount"":false,""missing_due_date"":false,""missing_supplier"":false}",iva_en_revision,Factura con IVA pero sin comprobante,0,2026-04-10T22:19:34.916898+00:00
6e9f6133-6d09-46bb-aae4-7e6c20920b46,,HD-202601-0005,1101940,175940,2026-02-13,unpaid,incomplete,"{""low_confidence"":false,""suspect_amount"":false,""missing_due_date"":false,""missing_supplier"":true}",iva_no_usable,Factura incompleta,0,2026-04-10T22:19:34.916898+00:00
cab77798-a0a9-4d33-a03c-aafb83ea1d38,HerramientasDev SAS,HD-202601-0006,324870,51870,2026-02-11,scheduled,ok,"{""low_confidence"":false,""suspect_amount"":false,""missing_due_date"":false,""missing_supplier"":false}",iva_en_revision,Factura con IVA pero sin comprobante,0,2026-04-10T22:19:34.916898+00:00
f9684ee2-7d43-416a-ade1-d69792a1ad1c,HerramientasDev SAS,HD-202601-0007,339459,49780,2026-02-08,unpaid,suspect,"{""low_confidence"":false,""suspect_amount"":true,""missing_due_date"":false,""missing_supplier"":false}",iva_en_revision,Factura con datos dudosos,0,2026-04-10T22:19:34.916898+00:00
96b50523-c24e-43c1-99f0-b848cb636eb2,HerramientasDev SAS,HD-202601-0008,,178790,2026-02-15,unpaid,incomplete,"{""low_confidence"":false,""suspect_amount"":true,""missing_due_date"":false,""missing_supplier"":false}",iva_no_usable,Factura incompleta,0,2026-04-10T22:19:34.916898+00:00
3319be95-a018-429a-ab51-f1cfc44fd427,HerramientasDev SAS,HD-202602-0009,844900,134900,2026-03-06,scheduled,ok,"{""low_confidence"":false,""suspect_amount"":false,""missing_due_date"":false,""missing_supplier"":false}",iva_en_revision,Factura con IVA pero sin comprobante,0,2026-04-10T22:19:34.916898+00:00
527031f4-9965-49e1-aae8-e6f4ca3aa3a7,HerramientasDev SAS,HD-202602-0010,,160930,2026-03-03,unpaid,incomplete,"{""low_confidence"":false,""suspect_amount"":true,""missing_due_date"":false,""missing_supplier"":false}",iva_no_usable,Factura incompleta,0,2026-04-10T22:19:34.916898+00:00
f66d29f6-eacc-44b7-8532-03d440a9f9fc,HerramientasDev SAS,HD-202602-0011,769930,122930,,unpaid,incomplete,"{""low_confidence"":false,""suspect_amount"":false,""missing_due_date"":true,""missing_supplier"":false}",iva_no_usable,Factura incompleta,0,2026-04-10T22:19:34.916898+00:00
473359ab-11c6-4f7d-8e31-9c09319df642,HerramientasDev SAS,HD-202602-0012,856800,136800,2026-04-02,unpaid,suspect,"{""low_confidence"":true,""suspect_amount"":false,""missing_due_date"":false,""missing_supplier"":false}",iva_en_revision,Factura con datos dudosos,0,2026-04-10T22:19:34.916898+00:00
5736b00d-8135-4d89-9395-b2cb00b5117f,HerramientasDev SAS,HD-202603-0013,618800,98800,2026-03-22,unpaid,ok,"{""low_confidence"":false,""suspect_amount"":false,""missing_due_date"":false,""missing_supplier"":false}",iva_en_revision,Factura con IVA pero sin comprobante,0,2026-04-10T22:19:34.916898+00:00
ec3e7a35-dcc2-4db3-9524-568fe465ecaf,,HD-202603-0015,520030,83030,2026-04-10,unpaid,incomplete,"{""low_confidence"":false,""suspect_amount"":false,""missing_due_date"":false,""missing_supplier"":true}",iva_no_usable,Factura incompleta,0,2026-04-10T22:19:34.916898+00:00
008f8484-37e8-4ee7-a565-e60480e132ec,HerramientasDev SAS,HD-202603-0016,0,77140,2026-04-13,unpaid,incomplete,"{""low_confidence"":false,""suspect_amount"":true,""missing_due_date"":false,""missing_supplier"":false}",iva_no_usable,Factura incompleta,0,2026-04-10T22:19:34.916898+00:00
88fe0319-6bbd-455a-a250-19ec09f2a969,HerramientasDev SAS,HD-202603-0017,923603,127870,2026-04-24,unpaid,suspect,"{""low_confidence"":false,""suspect_amount"":true,""missing_due_date"":false,""missing_supplier"":false}",iva_en_revision,Factura con datos dudosos,0,2026-04-10T22:19:34.916898+00:00
c3a28bc2-86cd-4653-adb8-356cadf6f494,HerramientasDev SAS,HD-202604-0018,1173340,187340,2026-05-01,paid,ok,"{""low_confidence"":false,""suspect_amount"":false,""missing_due_date"":false,""missing_supplier"":false}",iva_en_revision,Factura con IVA pero sin comprobante,0,2026-04-10T22:19:34.916898+00:00
001e71e7-e0ec-46e8-8aa7-6e40aa2edf00,HerramientasDev SAS,HD-202604-0019,1100750,175750,2026-05-17,paid,ok,"{""low_confidence"":false,""suspect_amount"":false,""missing_due_date"":false,""missing_supplier"":false}",iva_en_revision,Factura con IVA pero sin comprobante,0,2026-04-10T22:19:34.916898+00:00
7bdde3ae-6357-4eb6-85ea-f33c2595986d,Contaplus Asesores SAS,CPA-202512-0001,2466123,335540,2026-01-23,unpaid,suspect,"{""low_confidence"":false,""suspect_amount"":true,""missing_due_date"":false,""missing_supplier"":false}",iva_en_revision,Factura con datos dudosos,0,2026-04-10T22:19:34.916898+00:00
0cdb4af5-99e9-486d-ac46-d26866b278b2,Contaplus Asesores SAS,CPA-202601-0002,2058700,328700,2026-02-01,paid,ok,"{""low_confidence"":false,""suspect_amount"":false,""missing_due_date"":false,""missing_supplier"":false}",iva_en_revision,Factura con IVA pero sin comprobante,0,2026-04-10T22:19:34.916898+00:00
128c84ae-970a-4dc6-8f78-29ae70e45623,Contaplus Asesores SAS,CPA-202602-0003,3085670,492670,2026-03-09,unpaid,ok,"{""low_confidence"":false,""suspect_amount"":false,""missing_due_date"":false,""missing_supplier"":false}",iva_en_revision,Factura con IVA pero sin comprobante,0,2026-04-10T22:19:34.916898+00:00
f3b42eab-81f6-4f67-bc7a-b7cf38791a1e,Contaplus Asesores SAS,CPA-202603-0004,0,554040,2026-04-19,unpaid,incomplete,"{""low_confidence"":false,""suspect_amount"":true,""missing_due_date"":false,""missing_supplier"":false}",iva_no_usable,Factura incompleta,0,2026-04-10T22:19:34.916898+00:00
f182f819-bdee-46b6-8b52-4755a707b88e,Contaplus Asesores SAS,CPA-202604-0005,3186820,508820,2026-05-07,paid,ok,"{""low_confidence"":false,""suspect_amount"":false,""missing_due_date"":false,""missing_supplier"":false}",iva_en_revision,Factura con IVA pero sin comprobante,0,2026-04-10T22:19:34.916898+00:00
eeeae1f2-6cfa-44b2-9c86-e8598a39e56a,Bufete Jurídico Andino SAS,BJA-202512-0001,1646960,262960,2025-12-23,unpaid,suspect,"{""low_confidence"":true,""suspect_amount"":false,""missing_due_date"":false,""missing_supplier"":false}",iva_en_revision,Factura con datos dudosos,0,2026-04-10T22:19:34.916898+00:00
97da8023-c86f-4ae3-a734-e18a3577b777,Bufete Jurídico Andino SAS,BJA-202601-0002,0,355300,2026-01-23,unpaid,incomplete,"{""low_confidence"":false,""suspect_amount"":true,""missing_due_date"":false,""missing_supplier"":false}",iva_no_usable,Factura incompleta,0,2026-04-10T22:19:34.916898+00:00
304382d0-b730-4d1c-bbef-c7d667586bcb,Bufete Jurídico Andino SAS,BJA-202602-0003,1532720,244720,,unpaid,incomplete,"{""low_confidence"":false,""suspect_amount"":false,""missing_due_date"":true,""missing_supplier"":false}",iva_no_usable,Factura incompleta,0,2026-04-10T22:19:34.916898+00:00
f9e7fc4f-04d7-43e6-8f6c-0d677bd7872b,Bufete Jurídico Andino SAS,BJA-202603-0004,3689251,513760,2026-04-11,unpaid,suspect,"{""low_confidence"":false,""suspect_amount"":true,""missing_due_date"":false,""missing_supplier"":false}",iva_en_revision,Factura con datos dudosos,0,2026-04-10T22:19:34.916898+00:00
bc8f9050-36e4-4ba3-9dbd-ea5af747120f,Bufete Jurídico Andino SAS,BJA-202604-0005,1679207,243960,2026-05-13,unpaid,suspect,"{""low_confidence"":false,""suspect_amount"":true,""missing_due_date"":false,""missing_supplier"":false}",iva_en_revision,Factura con datos dudosos,0,2026-04-10T22:19:34.916898+00:00
b0f290dd-9b99-41c9-b1ea-f1a33c53a882,Espacio Cowork Bogotá SAS,ECB-202512-0001,719950,114950,,unpaid,incomplete,"{""low_confidence"":false,""suspect_amount"":false,""missing_due_date"":true,""missing_supplier"":false}",iva_no_usable,Factura incompleta,0,2026-04-10T22:19:34.916898+00:00
90fd2948-c472-468b-b022-169e284483e7,Espacio Cowork Bogotá SAS,ECB-202601-0002,2449752,334210,2026-02-17,unpaid,suspect,"{""low_confidence"":false,""suspect_amount"":true,""missing_due_date"":false,""missing_supplier"":false}",iva_en_revision,Factura con datos dudosos,0,2026-04-10T22:19:34.916898+00:00
b79ee13e-62a9-4d81-bf82-127820a66dc8,Espacio Cowork Bogotá SAS,ECB-202601-0004,0,303050,2026-03-09,unpaid,incomplete,"{""low_confidence"":false,""suspect_amount"":true,""missing_due_date"":false,""missing_supplier"":false}",iva_no_usable,Factura incompleta,0,2026-04-10T22:19:34.916898+00:00
390367d5-37f9-46a6-8cb4-d350b1531d6e,Espacio Cowork Bogotá SAS,ECB-202602-0005,1243550,198550,,unpaid,incomplete,"{""low_confidence"":false,""suspect_amount"":false,""missing_due_date"":true,""missing_supplier"":false}",iva_no_usable,Factura incompleta,0,2026-04-10T22:19:34.916898+00:00
4e887afa-4bd7-4df5-b4df-62f6af82a9a3,Espacio Cowork Bogotá SAS,ECB-202603-0006,2324070,371070,2026-04-08,scheduled,ok,"{""low_confidence"":false,""suspect_amount"":false,""missing_due_date"":false,""missing_supplier"":false}",iva_en_revision,Factura con IVA pero sin comprobante,0,2026-04-10T22:19:34.916898+00:00
3ab2e327-401c-4514-a676-bc5ce0c6fa1d,Espacio Cowork Bogotá SAS,ECB-202603-0007,0,380000,2026-04-22,unpaid,incomplete,"{""low_confidence"":false,""suspect_amount"":true,""missing_due_date"":false,""missing_supplier"":false}",iva_no_usable,Factura incompleta,0,2026-04-10T22:19:34.916898+00:00
e730f272-57ff-4e30-b406-2afb819f4a32,Espacio Cowork Bogotá SAS,ECB-202604-0008,2209830,352830,,unpaid,incomplete,"{""low_confidence"":false,""suspect_amount"":false,""missing_due_date"":true,""missing_supplier"":false}",iva_no_usable,Factura incompleta,0,2026-04-10T22:19:34.916898+00:00
728f2c4d-80ef-4199-bd90-2cb8b5e7a73f,,ECB-202604-0009,969850,154850,2026-05-19,unpaid,incomplete,"{""low_confidence"":false,""suspect_amount"":false,""missing_due_date"":false,""missing_supplier"":true}",iva_no_usable,Factura incompleta,0,2026-04-10T22:19:34.916898+00:00
c410a5ae-e982-4ddc-a704-08adf14dd430,Agencia Pixel Norte SAS,APN-202512-0001,740180,118180,2026-01-28,paid,ok,"{""low_confidence"":false,""suspect_amount"":false,""missing_due_date"":false,""missing_supplier"":false}",iva_en_revision,Factura con IVA pero sin comprobante,0,2026-04-10T22:19:34.916898+00:00
f61b9767-c459-490b-abc2-9c66eb0e873e,,APN-202512-0002,1980160,316160,2026-02-05,unpaid,incomplete,"{""low_confidence"":false,""suspect_amount"":false,""missing_due_date"":false,""missing_supplier"":true}",iva_no_usable,Factura incompleta,0,2026-04-10T22:19:34.916898+00:00
be454647-e6b7-430a-ad2d-1494f21fd27f,Agencia Pixel Norte SAS,APN-202601-0004,2151520,343520,2026-02-09,unpaid,suspect,"{""low_confidence"":true,""suspect_amount"":false,""missing_due_date"":false,""missing_supplier"":false}",iva_en_revision,Factura con datos dudosos,0,2026-04-10T22:19:34.916898+00:00
9d94b76e-786d-47ff-8655-4c49807357a3,Agencia Pixel Norte SAS,APN-202601-0005,1630300,260300,2026-03-06,unpaid,suspect,"{""low_confidence"":true,""suspect_amount"":false,""missing_due_date"":false,""missing_supplier"":false}",iva_en_revision,Factura con datos dudosos,0,2026-04-10T22:19:34.916898+00:00
55bd3bb6-5075-4f19-8705-13efb3fa2b58,Agencia Pixel Norte SAS,APN-202602-0006,2176510,347510,2026-02-28,paid,ok,"{""low_confidence"":false,""suspect_amount"":false,""missing_due_date"":false,""missing_supplier"":false}",iva_en_revision,Factura con IVA pero sin comprobante,0,2026-04-10T22:19:34.916898+00:00
bba5687d-6d34-4552-828e-4d2aa3a1d9b1,Agencia Pixel Norte SAS,APN-202602-0007,2166990,345990,2026-03-11,unpaid,ok,"{""low_confidence"":false,""suspect_amount"":false,""missing_due_date"":false,""missing_supplier"":false}",iva_en_revision,Factura con IVA pero sin comprobante,0,2026-04-10T22:19:34.916898+00:00
ef68a349-09da-4e32-b446-b708aafd1819,Agencia Pixel Norte SAS,APN-202602-0008,2332400,372400,2026-03-20,paid,ok,"{""low_confidence"":false,""suspect_amount"":false,""missing_due_date"":false,""missing_supplier"":false}",iva_en_revision,Factura con IVA pero sin comprobante,0,2026-04-10T22:19:34.916898+00:00
1c3a055a-66a5-40fa-a52d-4cb5d6c0eefc,Agencia Pixel Norte SAS,APN-202603-0009,480012,64790,2026-03-26,unpaid,suspect,"{""low_confidence"":false,""suspect_amount"":true,""missing_due_date"":false,""missing_supplier"":false}",iva_en_revision,Factura con datos dudosos,0,2026-04-10T22:19:34.916898+00:00
ea907db9-7cfc-40e8-b1ec-00254329a6b9,Agencia Pixel Norte SAS,APN-202603-0010,1639820,261820,2026-04-06,unpaid,ok,"{""low_confidence"":false,""suspect_amount"":false,""missing_due_date"":false,""missing_supplier"":false}",iva_en_revision,Factura con IVA pero sin comprobante,0,2026-04-10T22:19:34.916898+00:00
b66b47dd-a2e7-4156-ba99-ebac19b406fc,Agencia Pixel Norte SAS,APN-202603-0011,1399440,223440,,unpaid,incomplete,"{""low_confidence"":false,""suspect_amount"":false,""missing_due_date"":true,""missing_supplier"":false}",iva_no_usable,Factura incompleta,0,2026-04-10T22:19:34.916898+00:00
50b1a34e-9a03-4da9-a4f9-052e4fb356b1,Agencia Pixel Norte SAS,APN-202603-0012,816340,130340,2026-04-26,unpaid,suspect,"{""low_confidence"":true,""suspect_amount"":false,""missing_due_date"":false,""missing_supplier"":false}",iva_en_revision,Factura con datos dudosos,0,2026-04-10T22:19:34.916898+00:00
9f69266f-247c-44be-b025-31cd2d87e4d3,Agencia Pixel Norte SAS,APN-202604-0013,1004360,160360,,unpaid,incomplete,"{""low_confidence"":false,""suspect_amount"":false,""missing_due_date"":true,""missing_supplier"":false}",iva_no_usable,Factura incompleta,0,2026-04-10T22:19:34.916898+00:00
941ece4c-d48d-4a2a-baf3-a6efad799ef8,MensaExpress Ltda,MEX-202512-0001,141610,22610,2025-12-31,unpaid,ok,"{""low_confidence"":false,""suspect_amount"":false,""missing_due_date"":false,""missing_supplier"":false}",iva_en_revision,Factura con IVA pero sin comprobante,0,2026-04-10T22:19:34.916898+00:00
e84957a7-582e-4be5-b359-96b21afc1d09,MensaExpress Ltda,MEX-202512-0002,99960,15960,,unpaid,incomplete,"{""low_confidence"":false,""suspect_amount"":false,""missing_due_date"":true,""missing_supplier"":false}",iva_no_usable,Factura incompleta,0,2026-04-10T22:19:34.916898+00:00
c8b0b2d8-eab4-43fc-a916-33771f639250,MensaExpress Ltda,MEX-202512-0003,0,27170,2026-01-19,unpaid,incomplete,"{""low_confidence"":false,""suspect_amount"":true,""missing_due_date"":false,""missing_supplier"":false}",iva_no_usable,Factura incompleta,0,2026-04-10T22:19:34.916898+00:00
09f866b3-1fc0-401e-93e7-5ffcc9c5610a,MensaExpress Ltda,MEX-202512-0004,0,27740,2026-01-12,unpaid,incomplete,"{""low_confidence"":false,""suspect_amount"":true,""missing_due_date"":false,""missing_supplier"":false}",iva_no_usable,Factura incompleta,0,2026-04-10T22:19:34.916898+00:00
01425c7d-f2ae-4e32-b7d6-5f5a83b6920e,MensaExpress Ltda,MEX-202512-0005,111860,17860,2026-01-29,paid,ok,"{""low_confidence"":false,""suspect_amount"":false,""missing_due_date"":false,""missing_supplier"":false}",iva_en_revision,Factura con IVA pero sin comprobante,0,2026-04-10T22:19:34.916898+00:00
b211ac88-dd7a-4537-92e0-f35711b7e155,MensaExpress Ltda,MEX-202512-0006,0,11020,2026-01-26,unpaid,incomplete,"{""low_confidence"":false,""suspect_amount"":true,""missing_due_date"":false,""missing_supplier"":false}",iva_no_usable,Factura incompleta,0,2026-04-10T22:19:34.916898+00:00
5661158f-995f-48ea-ab85-89850c6531fe,CloudCol SAS,CC-202512-0001,1918280,306280,2026-01-16,unpaid,ok,"{""low_confidence"":false,""suspect_amount"":false,""missing_due_date"":false,""missing_supplier"":false}",iva_en_revision,Factura con IVA pero sin comprobante,0,2026-04-10T22:19:34.916898+00:00
ba02e923-5e9f-4c82-9a0f-0d2bdff05859,MensaExpress Ltda,MEX-202601-0008,0,14630,2026-01-23,unpaid,incomplete,"{""low_confidence"":false,""suspect_amount"":true,""missing_due_date"":false,""missing_supplier"":false}",iva_no_usable,Factura incompleta,0,2026-04-10T22:19:34.916898+00:00
87163dc9-8d7d-48ed-9dea-2fbc75a47a4e,MensaExpress Ltda,MEX-202601-0009,172550,27550,2026-02-19,unpaid,ok,"{""low_confidence"":false,""suspect_amount"":false,""missing_due_date"":false,""missing_supplier"":false}",iva_en_revision,Factura con IVA pero sin comprobante,0,2026-04-10T22:19:34.916898+00:00
c08015d8-62d2-4d9a-bfc6-793d8fc703c2,,,3000000,,2026-04-20,unpaid,incomplete,"{""low_confidence"":false,""suspect_amount"":false,""missing_due_date"":false,""missing_supplier"":true}",sin_iva,Factura sin IVA,0,2026-04-10T13:59:45.211986+00:00
8dcf9c07-8e3f-43ce-b771-141832faf5a3,SMOKE Monto Sospechoso,,500,,2026-04-25,unpaid,suspect,"{""low_confidence"":false,""suspect_amount"":true,""missing_due_date"":false,""missing_supplier"":false}",sin_iva,Factura sin IVA,0,2026-04-10T13:59:44.790479+00:00
26dbdb00-1509-4fa4-806d-cb6c519d2b6e,SMOKE Sin Fecha,,2000000,319328,,unpaid,incomplete,"{""low_confidence"":false,""suspect_amount"":false,""missing_due_date"":true,""missing_supplier"":false}",iva_no_usable,Factura incompleta,0,2026-04-10T13:59:44.396923+00:00
4b86b044-f2f6-45cb-a72d-531b8f4515cb,SMOKE Proveedor OK,,1500000,239496,2026-04-30,unpaid,ok,"{""low_confidence"":false,""suspect_amount"":false,""missing_due_date"":false,""missing_supplier"":false}",iva_en_revision,Factura con IVA pero sin comprobante,0,2026-04-10T13:59:43.910881+00:00
11816ae5-2d3b-4e5f-ba7d-6f489ac829ff,JUNTA CENTRAL DE CONTADORES,ABEBC77D94489FBD,0,,2025-07-14,unpaid,incomplete,"{""low_confidence"":false,""suspect_amount"":true,""missing_due_date"":false,""missing_supplier"":false}",sin_iva,Factura sin IVA,0,2026-03-10T19:30:31.346172+00:00
d43b88c1-f430-4095-a408-2d5745f78eb8,Cámara de Comercio de Cartagena,0009679599,0,,2025-04-02,unpaid,incomplete,"{""low_confidence"":false,""suspect_amount"":true,""missing_due_date"":false,""missing_supplier"":false}",sin_iva,Factura sin IVA,0,2026-03-10T00:52:22.995592+00:00
3085c45e-cb9e-44f8-861c-a51c1441f170,Infraestructura Cloud Europa,F-2026-003,236,,2026-04-02,unpaid,suspect,"{""low_confidence"":false,""suspect_amount"":true,""missing_due_date"":false,""missing_supplier"":false}",sin_iva,Factura sin IVA,0,2026-03-06T18:31:54.040973+00:00
0d74c3e4-6b31-456d-9f8e-49378135a9a5,,,,,,unpaid,incomplete,"{""low_confidence"":false,""suspect_amount"":true,""missing_due_date"":true,""missing_supplier"":true}",sin_iva,Factura sin IVA,0,2026-03-05T20:06:30.738599+00:00
9a86ca41-3ac0-47b6-91bd-43b7a56fb9b9,,,,,,unpaid,incomplete,"{""low_confidence"":false,""suspect_amount"":true,""missing_due_date"":true,""missing_supplier"":true}",sin_iva,Factura sin IVA,0,2026-03-05T20:06:14.238014+00:00
e62cb4d9-d798-4d86-b444-bafcbcd656b4,,,,,,unpaid,incomplete,"{""low_confidence"":false,""suspect_amount"":true,""missing_due_date"":true,""missing_supplier"":true}",sin_iva,Factura sin IVA,0,2026-03-05T20:06:02.948316+00:00
0b85e328-3611-49e5-8ef5-281599f1e445,,,,,,unpaid,incomplete,"{""low_confidence"":false,""suspect_amount"":true,""missing_due_date"":true,""missing_supplier"":true}",sin_iva,Factura sin IVA,0,2026-02-26T21:34:42.593559+00:00